date,song_rank,song_name,song_duration,song_popularity,album_release_date,album_total_tracks,album_id,album_artist_list,album_url, playlist
2023-11-19,1,greedy,0:02:11,100,2023-09-15,1,3UOV8XvCwMKaATRNXrYCjN,Tate McRae,https://open.spotify.com/album/3UOV8XvCwMKaATRNXrYCjN,Top 50 - Global
2023-11-19,2,Si No Estás,0:03:04,99,2022-09-23,1,66k6EGkPtYoN44anGIsEPW,iñigo quintero,https://open.spotify.com/album/66k6EGkPtYoN44anGIsEPW,Top 50 - Global
2023-11-19,3,Lover,0:02:58,99,2019-08-23,18,1NAmidJlEaVgA3MpcPFYGq,Taylor Swift,https://open.spotify.com/album/1NAmidJlEaVgA3MpcPFYGq,Top 50 - Global
2023-11-19,4,GOLDEN,0:03:03,87,2023-11-03,11,5pSk3c3wVwnb2arb6ohCPU,Jung Kook,https://open.spotify.com/album/5pSk3c3wVwnb2arb6ohCPU,Top 50 - Global
2023-11-19,5,The Land Is Inhospitable and So Are We,0:02:17,97,2023-09-15,11,2Cn1d2KgbkAqbZCJ1RzdkA,Mitski,https://open.spotify.com/album/2Cn1d2KgbkAqbZCJ1RzdkA,Top 50 - Global
2023-11-19,6,Lovin On Me,0:02:18,89,2023-11-10,1,6VCO0fDBGbRW8mCEvV95af,Jack Harlow,https://open.spotify.com/album/6VCO0fDBGbRW8mCEvV95af,Top 50 - Global
2023-11-19,7,nadie sabe lo que va a pasar mañana,0:02:42,97,2023-10-13,22,4FftCsAcXXD1nFO9RFUNFO,Bad Bunny,https://open.spotify.com/album/4FftCsAcXXD1nFO9RFUNFO,Top 50 - Global
2023-11-19,9,Scarlet,0:03:50,88,2023-09-20,15,1bBez9PNvkJPW08bU7NYta,Doja Cat,https://open.spotify.com/album/1bBez9PNvkJPW08bU7NYta,Top 50 - Global
2023-11-19,10,Pa las Baby's Y Belikeada,0:02:23,93,2023-10-20,30,3zu0hJJew2qXZNlselIQk8,Fuerza Regida,https://open.spotify.com/album/3zu0hJJew2qXZNlselIQk8,Top 50 - Global
2023-11-19,11,Strangers,0:02:52,97,2023-09-01,1,18ogtNq9F7DmMkNYO6Xb4k,Kenya Grace,https://open.spotify.com/album/18ogtNq9F7DmMkNYO6Xb4k,Top 50 - Global
2023-11-19,13,1989 (Taylor's Version),0:03:49,94,2023-10-26,21,64LU4c1nfjz1t4VnGhagcg,Taylor Swift,https://open.spotify.com/album/64LU4c1nfjz1t4VnGhagcg,Top 50 - Global
2023-11-19,14,MAÑANA SERÁ BONITO (BICHOTA SEASON),0:02:52,94,2023-08-10,9,0FqAaUEyKCyUNFE1uQPZ7i,KAROL G,https://open.spotify.com/album/0FqAaUEyKCyUNFE1uQPZ7i,Top 50 - Global
2023-11-19,15,Merry Christmas,0:04:01,89,1994-10-28,10,61ulfFSmmxMhc2wCdmdMkN,Mariah Carey,https://open.spotify.com/album/61ulfFSmmxMhc2wCdmdMkN,Top 50 - Global
2023-11-19,16,Que Onda,0:03:11,94,2023-08-30,1,4x6cjOcVz44aiLSOHCLKPd,"Calle 24, Chino Pacas, Fuerza Regida",https://open.spotify.com/album/4x6cjOcVz44aiLSOHCLKPd,Top 50 - Global
2023-11-19,17,Houdini,0:03:05,90,2023-11-09,1,5pTaRVLwZOFObIbRBubmeb,Dua Lipa,https://open.spotify.com/album/5pTaRVLwZOFObIbRBubmeb,Top 50 - Global
2023-11-19,19,Water,0:03:20,96,2023-07-28,1,22sXXkKgjEuawIFL1e1tRw,Tyla,https://open.spotify.com/album/22sXXkKgjEuawIFL1e1tRw,Top 50 - Global
2023-11-19,20,The Singles: Echoes from the Edge of Heaven,0:04:25,76,2023-07-07,16,2wyHNTisH8PtZG8OG58xr6,Wham!,https://open.spotify.com/album/2wyHNTisH8PtZG8OG58xr6,Top 50 - Global
2023-11-19,21,LA VIDA ES UNA,0:03:17,96,2023-03-23,23,3puAvurwvtvi1rodndIPW8,Myke Towers,https://open.spotify.com/album/3puAvurwvtvi1rodndIPW8,Top 50 - Global
2023-11-19,22,Don Juan,0:02:22,89,2023-08-25,25,3Fk8yQvPlCHgwR2pNhEIRA,Maluma,https://open.spotify.com/album/3Fk8yQvPlCHgwR2pNhEIRA,Top 50 - Global
2023-11-19,23,AM,0:03:03,95,2013-09-09,12,78bpIziExqiI9qztvNFlQu,Arctic Monkeys,https://open.spotify.com/album/78bpIziExqiI9qztvNFlQu,Top 50 - Global
2023-11-19,24,GÉNESIS,0:03:32,94,2023-06-29,17,4jox3ip1I39DFC2B7R5qLH,Peso Pluma,https://open.spotify.com/album/4jox3ip1I39DFC2B7R5qLH,Top 50 - Global
2023-11-19,25,Harry's House,0:02:47,94,2022-05-20,13,5r36AJ6VOJtp00oxSkBZ5h,Harry Styles,https://open.spotify.com/album/5r36AJ6VOJtp00oxSkBZ5h,Top 50 - Global
2023-11-19,26,Prada,0:02:12,94,2023-08-11,1,5MU0RmBSpoSxOPYBfcobDc,"cassö, RAYE, D-Block Europe",https://open.spotify.com/album/5MU0RmBSpoSxOPYBfcobDc,Top 50 - Global
2023-11-19,27,For All The Dogs,0:04:20,93,2023-10-06,23,4czdORdCWP9umpbhFXK2fW,Drake,https://open.spotify.com/album/4czdORdCWP9umpbhFXK2fW,Top 50 - Global
2023-11-19,28,GUTS,0:03:39,95,2023-09-08,12,1xJHno7SmdVtZAtXbdbDZp,Olivia Rodrigo,https://open.spotify.com/album/1xJHno7SmdVtZAtXbdbDZp,Top 50 - Global
2023-11-19,29,exes,0:02:39,75,2023-11-17,2,54FpKE2Pug3xbPz26WUVSH,Tate McRae,https://open.spotify.com/album/54FpKE2Pug3xbPz26WUVSH,Top 50 - Global
2023-11-19,30,Dance The Night (From Barbie The Album),0:02:56,93,2023-05-25,1,5cH7FqB7JD5q1tJXJ7FHYu,Dua Lipa,https://open.spotify.com/album/5cH7FqB7JD5q1tJXJ7FHYu,Top 50 - Global
2023-11-19,31,3D : The Remixes,0:03:21,88,2023-10-02,7,0fJ0beklzFwoBv01U8792s,"Jung Kook, Jack Harlow",https://open.spotify.com/album/0fJ0beklzFwoBv01U8792s,Top 50 - Global
2023-11-19,32,Daylight,0:03:32,94,2023-04-14,1,6NcI39WPu4kY6Tul11nhSv,David Kushner,https://open.spotify.com/album/6NcI39WPu4kY6Tul11nhSv,Top 50 - Global
2023-11-19,34,The Idol Episode 4 (Music from the HBO Original Series),0:04:04,91,2023-06-23,3,7tzVd1fwkxsorytCBjEJkU,"The Weeknd, JENNIE, Lily-Rose Depp",https://open.spotify.com/album/7tzVd1fwkxsorytCBjEJkU,Top 50 - Global
2023-11-19,36,Starboy,0:03:50,93,2016-11-25,18,2ODvWsOgouMbaA5xf0RkJe,The Weeknd,https://open.spotify.com/album/2ODvWsOgouMbaA5xf0RkJe,Top 50 - Global
2023-11-19,37,SOS,0:02:33,91,2022-12-08,23,1nrVofqDRs7cpWXJ49qTnP,SZA,https://open.spotify.com/album/1nrVofqDRs7cpWXJ49qTnP,Top 50 - Global
2023-11-19,38,Merry Christmas From Brenda Lee,0:02:06,84,1964-10-19,12,34wa3zf2prXFMk47t9zHFG,Brenda Lee,https://open.spotify.com/album/34wa3zf2prXFMk47t9zHFG,Top 50 - Global
2023-11-19,39,Columbia,0:03:06,94,2023-07-07,1,07kam1Dks7GIucbSelfvyX,Quevedo,https://open.spotify.com/album/07kam1Dks7GIucbSelfvyX,Top 50 - Global
2023-11-19,40,Stick Season,0:03:02,91,2022-10-14,14,50ZenUP4O2Q5eCy2NRNvuz,Noah Kahan,https://open.spotify.com/album/50ZenUP4O2Q5eCy2NRNvuz,Top 50 - Global
2023-11-19,41,Zach Bryan,0:03:47,93,2023-08-25,16,6PbnGueEO6LGodPfvNldYf,Zach Bryan,https://open.spotify.com/album/6PbnGueEO6LGodPfvNldYf,Top 50 - Global
2023-11-19,42,For All The Dogs Scary Hours Edition,0:03:50,71,2023-11-17,29,4Q7cRXio6mF2ImVUCcezPO,Drake,https://open.spotify.com/album/4Q7cRXio6mF2ImVUCcezPO,Top 50 - Global
2023-11-19,43,EVERYBODY GO TO THE DISCOTEK,0:03:19,94,2023-07-28,18,11UJfH39O0VqLiQGLW0D0e,Darell,https://open.spotify.com/album/11UJfH39O0VqLiQGLW0D0e,Top 50 - Global
2023-11-19,44,Long Way Down (Deluxe),0:04:04,92,2013-06-24,15,0Gf1yE895FKK4YWVRuAeg8,Tom Odell,https://open.spotify.com/album/0Gf1yE895FKK4YWVRuAeg8,Top 50 - Global
2023-11-19,45,Strange Trails,0:03:28,82,2015-04-07,14,3yoNZlqerJnsnMN5EDwwBS,Lord Huron,https://open.spotify.com/album/3yoNZlqerJnsnMN5EDwwBS,Top 50 - Global
2023-11-19,46,"What Was I Made For? [From The Motion Picture ""Barbie""]",0:03:42,94,2023-07-13,1,3AafSrFIbJPH6BJHiJm1Cd,Billie Eilish,https://open.spotify.com/album/3AafSrFIbJPH6BJHiJm1Cd,Top 50 - Global
2023-11-19,47,a Gift & a Curse,0:02:05,94,2023-06-16,15,5qmZefgh78fN3jsyPPlvuw,Gunna,https://open.spotify.com/album/5qmZefgh78fN3jsyPPlvuw,Top 50 - Global
2023-11-19,49,Midnights,0:03:20,92,2022-10-21,13,151w1FgRZfnKZA9FEcg9Z3,Taylor Swift,https://open.spotify.com/album/151w1FgRZfnKZA9FEcg9Z3,Top 50 - Global
2023-11-19,50,FACE,0:03:32,94,2023-03-24,6,4xc3Lc9yASZgEJGH7acWMB,Jimin,https://open.spotify.com/album/4xc3Lc9yASZgEJGH7acWMB,Top 50 - Global
2023-11-19,1,greedy,0:02:11,100,2023-09-15,1,3UOV8XvCwMKaATRNXrYCjN,Tate McRae,https://open.spotify.com/album/3UOV8XvCwMKaATRNXrYCjN,Today's Top Hits
2023-11-19,2,Lovin On Me,0:02:18,89,2023-11-10,1,6VCO0fDBGbRW8mCEvV95af,Jack Harlow,https://open.spotify.com/album/6VCO0fDBGbRW8mCEvV95af,Today's Top Hits
2023-11-19,3,Water (Remix),0:03:20,66,2023-11-17,1,7DWPd7wOj9g0N5krVFil0Z,"Tyla, Travis Scott",https://open.spotify.com/album/7DWPd7wOj9g0N5krVFil0Z,Today's Top Hits
2023-11-19,4,Houdini,0:03:05,90,2023-11-09,1,5pTaRVLwZOFObIbRBubmeb,Dua Lipa,https://open.spotify.com/album/5pTaRVLwZOFObIbRBubmeb,Today's Top Hits
2023-11-19,5,Scarlet,0:04:25,92,2023-09-22,17,6DmPNcfpkXBVRJsEIJY9tl,Doja Cat,https://open.spotify.com/album/6DmPNcfpkXBVRJsEIJY9tl,Today's Top Hits
2023-11-19,6,Strangers,0:02:52,97,2023-09-01,1,18ogtNq9F7DmMkNYO6Xb4k,Kenya Grace,https://open.spotify.com/album/18ogtNq9F7DmMkNYO6Xb4k,Today's Top Hits
2023-11-19,7,1989 (Taylor's Version),0:03:49,94,2023-10-26,21,64LU4c1nfjz1t4VnGhagcg,Taylor Swift,https://open.spotify.com/album/64LU4c1nfjz1t4VnGhagcg,Today's Top Hits
2023-11-19,8,SOS,0:03:21,92,2022-12-09,23,07w0rG5TETcyihsEIZR3qG,SZA,https://open.spotify.com/album/07w0rG5TETcyihsEIZR3qG,Today's Top Hits
2023-11-19,9,GOLDEN,0:03:26,97,2023-11-03,11,5pSk3c3wVwnb2arb6ohCPU,Jung Kook,https://open.spotify.com/album/5pSk3c3wVwnb2arb6ohCPU,Today's Top Hits
2023-11-19,10,nadie sabe lo que va a pasar mañana,0:04:27,98,2023-10-13,22,4FftCsAcXXD1nFO9RFUNFO,Bad Bunny,https://open.spotify.com/album/4FftCsAcXXD1nFO9RFUNFO,Today's Top Hits
2023-11-19,11,The Land Is Inhospitable and So Are We,0:02:17,97,2023-09-15,11,2Cn1d2KgbkAqbZCJ1RzdkA,Mitski,https://open.spotify.com/album/2Cn1d2KgbkAqbZCJ1RzdkA,Today's Top Hits
2023-11-19,12,Paint The Town Red,0:03:51,97,2023-08-04,1,54dZypaXHAIDzBe9ujAZ63,Doja Cat,https://open.spotify.com/album/54dZypaXHAIDzBe9ujAZ63,Today's Top Hits
2023-11-19,13,exes,0:02:39,75,2023-11-17,2,54FpKE2Pug3xbPz26WUVSH,Tate McRae,https://open.spotify.com/album/54FpKE2Pug3xbPz26WUVSH,Today's Top Hits
2023-11-19,14,GUTS,0:03:39,95,2023-09-08,12,1xJHno7SmdVtZAtXbdbDZp,Olivia Rodrigo,https://open.spotify.com/album/1xJHno7SmdVtZAtXbdbDZp,Today's Top Hits
2023-11-19,15,Zach Bryan,0:03:47,93,2023-08-25,16,6PbnGueEO6LGodPfvNldYf,Zach Bryan,https://open.spotify.com/album/6PbnGueEO6LGodPfvNldYf,Today's Top Hits
2023-11-19,16,Popular (Music from the HBO Original Series),0:03:35,92,2023-06-02,1,5O0zUvdnJr0RbWzLFneN2i,"The Weeknd, Madonna",https://open.spotify.com/album/5O0zUvdnJr0RbWzLFneN2i,Today's Top Hits
2023-11-19,17,Si No Estás,0:03:04,99,2022-09-23,1,66k6EGkPtYoN44anGIsEPW,iñigo quintero,https://open.spotify.com/album/66k6EGkPtYoN44anGIsEPW,Today's Top Hits
2023-11-19,18,For All The Dogs,0:04:07,91,2023-10-06,23,4czdORdCWP9umpbhFXK2fW,Drake,https://open.spotify.com/album/4czdORdCWP9umpbhFXK2fW,Today's Top Hits
2023-11-19,19,UTOPIA,0:03:31,92,2023-07-28,19,18NOKLkZETa4sWwLMIm0UZ,Travis Scott,https://open.spotify.com/album/18NOKLkZETa4sWwLMIm0UZ,Today's Top Hits
2023-11-19,20,Dance The Night (From Barbie The Album),0:02:56,93,2023-05-25,1,5cH7FqB7JD5q1tJXJ7FHYu,Dua Lipa,https://open.spotify.com/album/5cH7FqB7JD5q1tJXJ7FHYu,Today's Top Hits
2023-11-19,21,Calm Down (with Selena Gomez),0:03:59,90,2022-08-25,1,2b2GHWESCWEuHiCZ2Skedp,"Rema, Selena Gomez",https://open.spotify.com/album/2b2GHWESCWEuHiCZ2Skedp,Today's Top Hits
2023-11-19,22,Lover,0:02:58,99,2019-08-23,18,1NAmidJlEaVgA3MpcPFYGq,Taylor Swift,https://open.spotify.com/album/1NAmidJlEaVgA3MpcPFYGq,Today's Top Hits
2023-11-19,24,Seven (feat. Latto),0:03:04,94,2023-07-14,3,53985D8g3JcGBoULSOYYKX,"Jung Kook, Latto",https://open.spotify.com/album/53985D8g3JcGBoULSOYYKX,Today's Top Hits
2023-11-19,25,Stick Season,0:03:02,91,2022-10-14,14,50ZenUP4O2Q5eCy2NRNvuz,Noah Kahan,https://open.spotify.com/album/50ZenUP4O2Q5eCy2NRNvuz,Today's Top Hits
2023-11-19,26,"What Was I Made For? [From The Motion Picture ""Barbie""]",0:03:42,94,2023-07-13,1,3AafSrFIbJPH6BJHiJm1Cd,Billie Eilish,https://open.spotify.com/album/3AafSrFIbJPH6BJHiJm1Cd,Today's Top Hits
2023-11-19,27,I've Tried Everything But Therapy (Part 1),0:03:30,82,2023-09-15,10,7nacKlk586eLRBSIsrk9DB,Teddy Swims,https://open.spotify.com/album/7nacKlk586eLRBSIsrk9DB,Today's Top Hits
2023-11-19,28,SOS,0:02:33,91,2022-12-08,23,1nrVofqDRs7cpWXJ49qTnP,SZA,https://open.spotify.com/album/1nrVofqDRs7cpWXJ49qTnP,Today's Top Hits
2023-11-19,29,a Gift & a Curse,0:02:05,94,2023-06-16,15,5qmZefgh78fN3jsyPPlvuw,Gunna,https://open.spotify.com/album/5qmZefgh78fN3jsyPPlvuw,Today's Top Hits
2023-11-19,30,Chemical,0:03:04,87,2023-04-14,1,7qcSUc5Af63mhfTF60KTEA,Post Malone,https://open.spotify.com/album/7qcSUc5Af63mhfTF60KTEA,Today's Top Hits
2023-11-19,31,TOO MUCH,0:03:23,91,2023-10-19,1,7gCggwpSuqUmVzWniLdpKR,"The Kid LAROI, Jung Kook, Central Cee",https://open.spotify.com/album/7gCggwpSuqUmVzWniLdpKR,Today's Top Hits
2023-11-19,32,Something To Give Each Other,0:03:01,88,2023-10-13,10,5UcGyEltve5psjxSRsHx8E,Troye Sivan,https://open.spotify.com/album/5UcGyEltve5psjxSRsHx8E,Today's Top Hits
2023-11-19,33,NewJeans 'Super Shy',0:02:34,91,2023-07-07,2,5V729UqvhwNOcMejx0m55I,NewJeans,https://open.spotify.com/album/5V729UqvhwNOcMejx0m55I,Today's Top Hits
2023-11-19,34,Prada,0:02:12,94,2023-08-11,1,5MU0RmBSpoSxOPYBfcobDc,"cassö, RAYE, D-Block Europe",https://open.spotify.com/album/5MU0RmBSpoSxOPYBfcobDc,Today's Top Hits
2023-11-19,35,Daylight,0:03:32,94,2023-04-14,1,6NcI39WPu4kY6Tul11nhSv,David Kushner,https://open.spotify.com/album/6NcI39WPu4kY6Tul11nhSv,Today's Top Hits
2023-11-19,36,The Idol Episode 4 (Music from the HBO Original Series),0:04:04,91,2023-06-23,3,7tzVd1fwkxsorytCBjEJkU,"The Weeknd, JENNIE, Lily-Rose Depp",https://open.spotify.com/album/7tzVd1fwkxsorytCBjEJkU,Today's Top Hits
2023-11-19,37,LA VIDA ES UNA,0:03:17,96,2023-03-23,23,3puAvurwvtvi1rodndIPW8,Myke Towers,https://open.spotify.com/album/3puAvurwvtvi1rodndIPW8,Today's Top Hits
2023-11-19,38,Harry's House,0:02:47,94,2022-05-20,13,5r36AJ6VOJtp00oxSkBZ5h,Harry Styles,https://open.spotify.com/album/5r36AJ6VOJtp00oxSkBZ5h,Today's Top Hits
2023-11-19,39,Moonlight,0:03:07,87,2023-02-24,1,1y8Yw0NDcP2qxbZufIXt7u,Kali Uchis,https://open.spotify.com/album/1y8Yw0NDcP2qxbZufIXt7u,Today's Top Hits
2023-11-19,40,What It Is (Versions),0:03:09,86,2023-03-17,6,71MqBkcflJ1Rz1SHo8XSi5,Doechii,https://open.spotify.com/album/71MqBkcflJ1Rz1SHo8XSi5,Today's Top Hits
2023-11-19,41,Barbie World (with Aqua) [From Barbie The Album],0:01:49,89,2023-06-23,1,5CM66hwjlbZ06LhONWXOAs,"Nicki Minaj, Ice Spice, Aqua",https://open.spotify.com/album/5CM66hwjlbZ06LhONWXOAs,Today's Top Hits
2023-11-19,42,emails i can't send,0:02:43,90,2022-07-15,13,5kDmlA2g9Y1YCbNo2Ufxlz,Sabrina Carpenter,https://open.spotify.com/album/5kDmlA2g9Y1YCbNo2Ufxlz,Today's Top Hits
2023-11-19,43,The Beginning,0:02:54,83,2023-09-22,11,5If2zLk3mlHXuhIS7rQF90,FIFTY FIFTY,https://open.spotify.com/album/5If2zLk3mlHXuhIS7rQF90,Today's Top Hits
2023-11-19,44,Endless Summer Vacation,0:03:20,92,2023-08-18,14,5DvJgsMLbaR1HmAI6VhfcQ,Miley Cyrus,https://open.spotify.com/album/5DvJgsMLbaR1HmAI6VhfcQ,Today's Top Hits
2023-11-19,45,(It Goes Like) Nanana [Edit],0:03:51,90,2023-06-15,1,2LVDNOUUy2g8517ZEtQIcK,Peggy Gou,https://open.spotify.com/album/2LVDNOUUy2g8517ZEtQIcK,Today's Top Hits
2023-11-19,46,Boy's a liar Pt. 2,0:02:11,87,2023-02-03,2,6cVfHBcp3AdpYY0bBglkLN,"PinkPantheress, Ice Spice",https://open.spotify.com/album/6cVfHBcp3AdpYY0bBglkLN,Today's Top Hits
2023-11-19,47,JENNIE Special Single [You & Me],0:02:59,83,2023-10-06,2,1Vzh3fTdh0R0evafCcpNpL,JENNIE,https://open.spotify.com/album/1Vzh3fTdh0R0evafCcpNpL,Today's Top Hits
2023-11-19,48,Single Soon,0:02:51,87,2023-08-25,1,6EejduBuRYb7rzJaD2YCqO,Selena Gomez,https://open.spotify.com/album/6EejduBuRYb7rzJaD2YCqO,Today's Top Hits
2023-11-19,49,Say Yes To Heaven,0:03:29,89,2023-05-19,2,6jVg0POvGYH1Pt6lISl3ok,Lana Del Rey,https://open.spotify.com/album/6jVg0POvGYH1Pt6lISl3ok,Today's Top Hits
2023-11-19,50,Sprinter,0:03:49,92,2023-06-01,1,5l0QlaI3wdZpE7ggoO5Rwg,"Dave, Central Cee",https://open.spotify.com/album/5l0QlaI3wdZpE7ggoO5Rwg,Today's Top Hits
2023-11-19,1,For All The Dogs Scary Hours Edition,0:03:50,71,2023-11-17,29,4Q7cRXio6mF2ImVUCcezPO,Drake,https://open.spotify.com/album/4Q7cRXio6mF2ImVUCcezPO,RapCaviar
2023-11-19,2,Welcome 2 Collegrove,0:03:19,61,2023-11-17,21,2LdlfTE6xqf2Ez8LPAFZSy,"2 Chainz, Lil Wayne",https://open.spotify.com/album/2LdlfTE6xqf2Ez8LPAFZSy,RapCaviar
2023-11-19,3,Lovin On Me,0:02:18,89,2023-11-10,1,6VCO0fDBGbRW8mCEvV95af,Jack Harlow,https://open.spotify.com/album/6VCO0fDBGbRW8mCEvV95af,RapCaviar
2023-11-19,4,For All The Dogs,0:04:07,91,2023-10-06,23,4czdORdCWP9umpbhFXK2fW,Drake,https://open.spotify.com/album/4czdORdCWP9umpbhFXK2fW,RapCaviar
2023-11-19,5,Tee's Coney Island,0:02:31,69,2023-11-03,16,2XCjDuNrAObHZrKPhsWvzP,Tee Grizzley,https://open.spotify.com/album/2XCjDuNrAObHZrKPhsWvzP,RapCaviar
2023-11-19,6,500lbs,0:02:24,85,2023-07-21,1,2Ro9gydgq5JWy7b22zPty9,Lil Tecca,https://open.spotify.com/album/2Ro9gydgq5JWy7b22zPty9,RapCaviar
2023-11-19,7,SET IT OFF,0:02:53,85,2023-10-13,21,1D1hLipjrdB6pnxurMtC3E,Offset,https://open.spotify.com/album/1D1hLipjrdB6pnxurMtC3E,RapCaviar
2023-11-19,8,UTOPIA,0:03:31,92,2023-07-28,19,18NOKLkZETa4sWwLMIm0UZ,Travis Scott,https://open.spotify.com/album/18NOKLkZETa4sWwLMIm0UZ,RapCaviar
2023-11-19,9,Nightmares In the Trenches,0:02:36,59,2023-11-17,11,3ZuNOvosbywUYTfgZc09tU,Lil Durk,https://open.spotify.com/album/3ZuNOvosbywUYTfgZc09tU,RapCaviar
2023-11-19,10,Glizock & Wizop (feat. Key Glock),0:03:12,73,2023-10-13,1,4ocf6wJAV6NJCBn8nTkeaj,Gucci Mane,https://open.spotify.com/album/4ocf6wJAV6NJCBn8nTkeaj,RapCaviar
2023-11-19,11,HVN ON EARTH,0:03:08,80,2023-08-18,1,5bHwBaNZKESVBhqCvs4Ify,"Lil Tecca, Kodak Black",https://open.spotify.com/album/5bHwBaNZKESVBhqCvs4Ify,RapCaviar
2023-11-19,12,First Day Out (Freestyle),0:02:22,74,2023-09-05,1,31UX5n39Siyj0nXs1s5DSZ,Rundown Spaz,https://open.spotify.com/album/31UX5n39Siyj0nXs1s5DSZ,RapCaviar
2023-11-19,13,Lottery Pick,0:02:03,70,2023-06-16,15,7pp3ZbXrqBiaaeRLIAyis5,310babii,https://open.spotify.com/album/7pp3ZbXrqBiaaeRLIAyis5,RapCaviar
2023-11-19,14,Long Story Short,0:03:30,71,2023-11-10,1,5Nzk5vGBrgjl9Ll8vk8m2q,"2 Chainz, Lil Wayne",https://open.spotify.com/album/5Nzk5vGBrgjl9Ll8vk8m2q,RapCaviar
2023-11-19,15,WHAT'S THE MOVE? (feat. Future and BabyDrill),0:03:19,73,2023-11-08,1,4GwIahaGnJ2cA4QfAJ74nF,"The Kid LAROI, Future, BabyDrill",https://open.spotify.com/album/4GwIahaGnJ2cA4QfAJ74nF,RapCaviar
2023-11-19,17,Bachelor,0:04:01,75,2023-11-03,1,5csXVq16N67kRKWhgUmWpk,"Turbo, Gunna",https://open.spotify.com/album/5csXVq16N67kRKWhgUmWpk,RapCaviar
2023-11-19,18,Mmhmm,0:01:59,76,2023-10-06,1,1D3Uf2OkWYQytEbK3NpdMn,BigXthaPlug,https://open.spotify.com/album/1D3Uf2OkWYQytEbK3NpdMn,RapCaviar
2023-11-19,19,Paint The Town Red,0:03:51,97,2023-08-04,1,54dZypaXHAIDzBe9ujAZ63,Doja Cat,https://open.spotify.com/album/54dZypaXHAIDzBe9ujAZ63,RapCaviar
2023-11-19,21,Nostalgia,0:02:26,79,2023-09-15,18,0xojHpNNGFiPqc3TXmh6Gv,Rod Wave,https://open.spotify.com/album/0xojHpNNGFiPqc3TXmh6Gv,RapCaviar
2023-11-19,22,Cottonwood 2 (Deluxe 2.0),0:02:29,71,2023-10-27,40,1ugjPDt5OYUeYmwYkgqEfQ,NLE Choppa,https://open.spotify.com/album/1ugjPDt5OYUeYmwYkgqEfQ,RapCaviar
2023-11-19,23,Bent,0:02:50,80,2023-08-04,1,1lzWtPTZrL3ZE1oagDJgvL,"41, Kyle Richh, Jenn Carter",https://open.spotify.com/album/1lzWtPTZrL3ZE1oagDJgvL,RapCaviar
2023-11-19,24,Presha,0:03:05,75,2023-10-20,1,2tnjYrSajrt2nlv2Acf1DP,"2 Chainz, Lil Wayne",https://open.spotify.com/album/2tnjYrSajrt2nlv2Acf1DP,RapCaviar
2023-11-19,25,SpinDatBac,0:02:35,53,2023-11-17,1,1FSxhiCNZgovaqCQnlnHbX,42 Dugg,https://open.spotify.com/album/1FSxhiCNZgovaqCQnlnHbX,RapCaviar
2023-11-19,26,Still That Way (feat. Bongo ByTheWay),0:03:16,46,2023-11-17,1,5xE4vlYZaS40sxlgFfwzmx,Jay Rock,https://open.spotify.com/album/5xE4vlYZaS40sxlgFfwzmx,RapCaviar
2023-11-19,27,a Gift & a Curse,0:02:05,94,2023-06-16,15,5qmZefgh78fN3jsyPPlvuw,Gunna,https://open.spotify.com/album/5qmZefgh78fN3jsyPPlvuw,RapCaviar
2023-11-19,29,When I Was Dead,0:02:45,55,2023-11-10,19,65SsQtOf5Cd25fanX62XRR,Kodak Black,https://open.spotify.com/album/65SsQtOf5Cd25fanX62XRR,RapCaviar
2023-11-19,31,Cobra,0:02:48,79,2023-11-03,1,08VJzxuxr4leLd9YhJNlQl,Megan Thee Stallion,https://open.spotify.com/album/08VJzxuxr4leLd9YhJNlQl,RapCaviar
2023-11-19,32,Turn Yo Clic Up (feat. Future),0:03:50,76,2023-07-14,1,1LaC62xZdpsUF19kVBbPCy,"Quavo, Future",https://open.spotify.com/album/1LaC62xZdpsUF19kVBbPCy,RapCaviar
2023-11-19,33,Smurk Carter,0:03:37,71,2023-11-10,1,0VSgeOD7TUUPesGNwaLadN,Lil Durk,https://open.spotify.com/album/0VSgeOD7TUUPesGNwaLadN,RapCaviar
2023-11-19,34,B4 BOA,0:02:57,74,2023-09-08,3,5QDOKezJwT63L54s17jMgw,A Boogie Wit da Hoodie,https://open.spotify.com/album/5QDOKezJwT63L54s17jMgw,RapCaviar
2023-11-19,35,Baller,0:02:30,69,2023-11-03,1,1QKQ5VaVGwH8zsqTqGU8Zs,NAV,https://open.spotify.com/album/1QKQ5VaVGwH8zsqTqGU8Zs,RapCaviar
2023-11-19,36,Hood Hottest Princess,0:02:37,80,2023-06-09,11,6uoGeT623i76TwlgYFfe42,Sexyy Red,https://open.spotify.com/album/6uoGeT623i76TwlgYFfe42,RapCaviar
2023-11-19,37,24 hours to live,0:03:28,72,2023-10-27,1,73djAmtght7e1sfNLior3P,Joyner Lucas,https://open.spotify.com/album/73djAmtght7e1sfNLior3P,RapCaviar
2023-11-19,39,Big Dog,0:04:13,66,2023-11-03,1,5N1Y4h6H1fiS7tIL0fPivM,"Benny The Butcher, Lil Wayne",https://open.spotify.com/album/5N1Y4h6H1fiS7tIL0fPivM,RapCaviar
2023-11-19,40,FAN,0:02:36,73,2023-09-15,1,7w3qFaLU3R17ujmMHFo5IK,Offset,https://open.spotify.com/album/7w3qFaLU3R17ujmMHFo5IK,RapCaviar
2023-11-19,41,Peaches & Eggplants (feat. Latto & Sexyy Red),0:03:37,73,2023-09-08,1,3v9a1PtWXE5NopNCeaw1sj,"Young Nudy, Sexyy Red",https://open.spotify.com/album/3v9a1PtWXE5NopNCeaw1sj,RapCaviar
2023-11-19,42,Been One,0:04:19,69,2023-06-30,19,69bYMgvQpIYHsNNDxDTQqa,Rylo Rodriguez,https://open.spotify.com/album/69bYMgvQpIYHsNNDxDTQqa,RapCaviar
2023-11-19,43,Bongos (feat. Megan Thee Stallion),0:02:55,82,2023-09-08,1,3XYWRia8E82cJI6WrDLTTQ,"Cardi B, Megan Thee Stallion",https://open.spotify.com/album/3XYWRia8E82cJI6WrDLTTQ,RapCaviar
2023-11-19,44,ISSA PARTY (feat. BabyDrill),0:02:56,69,2023-09-29,1,2bgo85yjFegHRyRROMaiWm,"Latto, BabyDrill",https://open.spotify.com/album/2bgo85yjFegHRyRROMaiWm,RapCaviar
2023-11-19,45,Brand New,0:03:02,74,2023-09-27,1,0p82QxkLngaHhRkbET3IZ0,"Tyga, YG, Lil Wayne",https://open.spotify.com/album/0p82QxkLngaHhRkbET3IZ0,RapCaviar
2023-11-19,46,The Night Shift,0:02:47,62,2023-11-10,17,60hrxgJN3QfheGpVzEcUFR,"Larry June, Cardo",https://open.spotify.com/album/60hrxgJN3QfheGpVzEcUFR,RapCaviar
2023-11-19,47,Too Good To Be True,0:03:09,66,2023-11-10,17,1jhGoiKDR41Qa2mzlveJFX,"Rick Ross, Meek Mill",https://open.spotify.com/album/1jhGoiKDR41Qa2mzlveJFX,RapCaviar
2023-11-19,48,A Great Chaos,0:02:30,84,2023-10-13,18,0HS8aknH0JQdMIiBVhyOCW,Ken Carson,https://open.spotify.com/album/0HS8aknH0JQdMIiBVhyOCW,RapCaviar
2023-11-19,49,Decided 2,0:04:03,68,2023-11-10,18,5kK8oDrnJr64xQhyaHFjtQ,YoungBoy Never Broke Again,https://open.spotify.com/album/5kK8oDrnJr64xQhyaHFjtQ,RapCaviar
2023-11-19,50,Yonce Freestyle (feat. Sexyy Red & B.G.),0:03:44,63,2023-11-09,1,0BbrF9bl7IIQGJNQfw7kbm,"Kevin Gates, Sexyy Red, B.G.",https://open.spotify.com/album/0BbrF9bl7IIQGJNQfw7kbm,RapCaviar
2023-11-19,1,"Someday, Somewhere (Netflix影集《此時此刻》主題曲)",0:04:03,62,2023-10-31,1,3aaOh9ji7Qv97Lxfj9MOmu,Jolin Tsai,https://open.spotify.com/album/3aaOh9ji7Qv97Lxfj9MOmu,[Mandarin] 最HIT华语榜
2023-11-19,2,我会等,0:03:15,73,2023-02-03,2,3113SgaBiac1ta3gtRnyYk,承桓,https://open.spotify.com/album/3113SgaBiac1ta3gtRnyYk,[Mandarin] 最HIT华语榜
2023-11-19,3,11,0:03:48,63,2023-10-29,1,0xlWjniRpsQDTfF9mCNGWS,G.E.M.,https://open.spotify.com/album/0xlWjniRpsQDTfF9mCNGWS,[Mandarin] 最HIT华语榜
2023-11-19,4,Almost Human,0:04:19,39,2023-11-09,9,3koA5RKrfbPs5EaCHSPsL5,Edward Chen,https://open.spotify.com/album/3koA5RKrfbPs5EaCHSPsL5,[Mandarin] 最HIT华语榜
2023-11-19,5,華與浪漫,0:03:53,69,2022-09-16,9,5KuxE9hzUumHJdDUAAptHT,陳華,https://open.spotify.com/album/5KuxE9hzUumHJdDUAAptHT,[Mandarin] 最HIT华语榜
2023-11-19,6,不喜歡沒有你的地方,0:03:47,67,2023-10-20,1,75aDWkYgrA0ZAMEHpPCHeJ,Eric Chou,https://open.spotify.com/album/75aDWkYgrA0ZAMEHpPCHeJ,[Mandarin] 最HIT华语榜
2023-11-19,7,JieJie,0:02:37,41,2023-11-07,1,7jUod4kF3ySc3rC8rDSlpN,Karencici,https://open.spotify.com/album/7jUod4kF3ySc3rC8rDSlpN,[Mandarin] 最HIT华语榜
2023-11-19,8,鲜花,0:05:41,59,2023-09-30,1,38Uvc9iDIDXru2BvKa1S8R,回春丹,https://open.spotify.com/album/38Uvc9iDIDXru2BvKa1S8R,[Mandarin] 最HIT华语榜
2023-11-19,9,愛沒有錯,0:04:41,57,2023-11-03,1,6kK5eFuVJR8URoXYIFP2t8,Elva Hsiao,https://open.spotify.com/album/6kK5eFuVJR8URoXYIFP2t8,[Mandarin] 最HIT华语榜
2023-11-19,10,萬餓城市 (feat. 同理 Zunya) [影集《美食無間》片頭曲],0:02:44,46,2023-11-10,1,2dsIeIT19WAemRcY8O7PCc,"J.Sheon, 同理 Zunya",https://open.spotify.com/album/2dsIeIT19WAemRcY8O7PCc,[Mandarin] 最HIT华语榜
2023-11-19,11,字字句句,0:03:20,71,2022-12-29,2,5aQMO1ltAoQotkfPCOy0jn,卢卢快闭嘴,https://open.spotify.com/album/5aQMO1ltAoQotkfPCOy0jn,[Mandarin] 最HIT华语榜
2023-11-19,12,以朋友的身份,0:03:30,58,2023-10-27,2,6v0EqpVf6wDujILY6Ia7OQ,于冬然,https://open.spotify.com/album/6v0EqpVf6wDujILY6Ia7OQ,[Mandarin] 最HIT华语榜
2023-11-19,13,瞬,0:04:44,65,2023-07-17,1,4skMYmxARqRK1xGj0Mct2Q,郑润泽,https://open.spotify.com/album/4skMYmxARqRK1xGj0Mct2Q,[Mandarin] 最HIT华语榜
2023-11-19,14,夕阳向晚,0:04:40,47,2023-11-09,1,5oFIiEruyZ9y4iZRXFaHOo,Kelly Yu,https://open.spotify.com/album/5oFIiEruyZ9y4iZRXFaHOo,[Mandarin] 最HIT华语榜
2023-11-19,15,狂人,0:03:25,66,2022-05-17,10,0fJuIuYXDPonlFi7gUe3ol,蕭秉治,https://open.spotify.com/album/0fJuIuYXDPonlFi7gUe3ol,[Mandarin] 最HIT华语榜
2023-11-19,16,You Are My Light,0:02:32,65,2023-10-16,3,6pQvtnLyT0WBuFb26BDvWg,赵露思,https://open.spotify.com/album/6pQvtnLyT0WBuFb26BDvWg,[Mandarin] 最HIT华语榜
2023-11-19,17,"最後一堂課 (《媽,別鬧了!》影集片尾曲)",0:04:38,68,2022-07-22,1,5x6j8vBf5m91MUBEO5Jdxy,Eric Chou,https://open.spotify.com/album/5x6j8vBf5m91MUBEO5Jdxy,[Mandarin] 最HIT华语榜
2023-11-19,18,和解局 (影視劇《無所畏懼》片尾曲),0:03:35,44,2023-11-06,2,0J7s25xuXBCyveSLEd4fOU,周蕙,https://open.spotify.com/album/0J7s25xuXBCyveSLEd4fOU,[Mandarin] 最HIT华语榜
2023-11-19,19,訣愛,0:03:09,68,2022-08-15,1,11KVIZFGZ34hRCfrIr1oSt,詹雯婷,https://open.spotify.com/album/11KVIZFGZ34hRCfrIr1oSt,[Mandarin] 最HIT华语榜
2023-11-19,20,是你.,0:01:35,68,2022-12-09,1,46mCiXY4QlWCV2q34BQlG9,政学Zed-X,https://open.spotify.com/album/46mCiXY4QlWCV2q34BQlG9,[Mandarin] 最HIT华语榜
2023-11-19,21,關掉 / 打開,0:03:24,66,2022-04-21,10,4lNhQsVRJOBvSgBpdb6sXN,理想混蛋,https://open.spotify.com/album/4lNhQsVRJOBvSgBpdb6sXN,[Mandarin] 最HIT华语榜
2023-11-19,22,眼淚記得你,0:04:04,66,2022-12-23,1,34b13gZHKmAMzg1uqviOxg,Shi Shi,https://open.spotify.com/album/34b13gZHKmAMzg1uqviOxg,[Mandarin] 最HIT华语榜
2023-11-19,23,Race of Faith (ft. YELLOW黃宣),0:03:50,45,2023-11-07,1,3iddxJeDMT2wCg08x8kRpZ,"SOPHY, YELLOW黃宣",https://open.spotify.com/album/3iddxJeDMT2wCg08x8kRpZ,[Mandarin] 最HIT华语榜
2023-11-19,24,都是浪漫害的,0:04:08,61,2023-10-17,11,6k3Aj8q27ETWzwpb9jG3Np,Mixer,https://open.spotify.com/album/6k3Aj8q27ETWzwpb9jG3Np,[Mandarin] 最HIT华语榜
2023-11-19,25,LINK,0:05:18,66,2022-04-08,15,1nf7xBTx71de6f2EQtusMz,A-Lin,https://open.spotify.com/album/1nf7xBTx71de6f2EQtusMz,[Mandarin] 最HIT华语榜
2023-11-19,26,你不會一輩子的愛上我,0:03:17,60,2023-11-03,1,0FjMxaIatcw3nOgc9osLif,Tyson Yoshi,https://open.spotify.com/album/0FjMxaIatcw3nOgc9osLif,[Mandarin] 最HIT华语榜
2023-11-19,27,On My Way《地獄里長》主題曲,0:03:27,59,2023-06-05,1,5w8HU5jeionyGnskPgHanY,"Sophie Chen, 高爾宣 OSN",https://open.spotify.com/album/5w8HU5jeionyGnskPgHanY,[Mandarin] 最HIT华语榜
2023-11-19,28,烏梅子醬,0:04:17,62,2022-11-21,1,14M5K4fg1N4pAXtFPb6ZtN,Ronghao Li,https://open.spotify.com/album/14M5K4fg1N4pAXtFPb6ZtN,[Mandarin] 最HIT华语榜
2023-11-19,29,帶你飛,0:04:47,64,2023-02-14,10,6wlO3VClebIlgMCfBcFbUy,告五人,https://open.spotify.com/album/6wlO3VClebIlgMCfBcFbUy,[Mandarin] 最HIT华语榜
2023-11-19,30,3am (Demo Ver.),0:02:36,49,2023-10-27,1,4RAme39y8E1VMWkuFYrnqM,Patrick Brasca,https://open.spotify.com/album/4RAme39y8E1VMWkuFYrnqM,[Mandarin] 最HIT华语榜
2023-11-19,31,Somebody Else,0:02:49,56,2022-07-29,1,2ea2BnHMjIMAEupSlrYoLq,高爾宣 OSN,https://open.spotify.com/album/2ea2BnHMjIMAEupSlrYoLq,[Mandarin] 最HIT华语榜
2023-11-19,32,能不能和我留在台北 ( 陪我幾天 ),0:04:03,61,2022-12-22,1,1dJKc7tL64EpUoqEj2f0JB,冰球樂團,https://open.spotify.com/album/1dJKc7tL64EpUoqEj2f0JB,[Mandarin] 最HIT华语榜
2023-11-19,33,9522,0:03:55,62,2022-10-14,16,3B7O6oexiw9IFi3OAsWerb,安溥,https://open.spotify.com/album/3B7O6oexiw9IFi3OAsWerb,[Mandarin] 最HIT华语榜
2023-11-19,34,真心話,0:04:03,56,2023-06-19,1,51ahX8bWPEVIbsOz3Q7EsD,李浩瑋 Howard Lee,https://open.spotify.com/album/51ahX8bWPEVIbsOz3Q7EsD,[Mandarin] 最HIT华语榜
2023-11-19,35,唯一,0:04:13,64,2023-09-24,1,4o9Q4RFqR6deYGWOgUQ3nC,G.E.M.,https://open.spotify.com/album/4o9Q4RFqR6deYGWOgUQ3nC,[Mandarin] 最HIT华语榜
2023-11-19,36,Drowning,0:02:36,55,2022-05-10,1,6tC3xfxVub5WUYcWlO7PG3,高爾宣 OSN,https://open.spotify.com/album/6tC3xfxVub5WUYcWlO7PG3,[Mandarin] 最HIT华语榜
2023-11-19,37,I'm Alive,0:02:52,61,2022-02-14,1,494KRb9whsEPJ0IjKS4Dji,"W.M.L, Vicky Chen",https://open.spotify.com/album/494KRb9whsEPJ0IjKS4Dji,[Mandarin] 最HIT华语榜
2023-11-19,38,小城夏天,0:02:53,65,2022-04-02,1,2gBtz9cBcRTBvsux9pv9KF,LBI利比,https://open.spotify.com/album/2gBtz9cBcRTBvsux9pv9KF,[Mandarin] 最HIT华语榜
2023-11-19,39,毒药,0:03:35,63,2023-07-25,2,6h13XN1vwTxWQTaxuWogGg,周星星,https://open.spotify.com/album/6h13XN1vwTxWQTaxuWogGg,[Mandarin] 最HIT华语榜
2023-11-19,40,仗着,0:03:38,62,2022-10-07,2,78i6GdaQxd3WAEcjDOVPY6,陈壹千,https://open.spotify.com/album/78i6GdaQxd3WAEcjDOVPY6,[Mandarin] 最HIT华语榜
2023-11-19,41,親愛的對象 (《關於我和鬼變成家人的那件事》電影主題曲),0:04:54,61,2022-12-09,1,6ohthacCclaqEnO1xfEUu6,Jolin Tsai,https://open.spotify.com/album/6ohthacCclaqEnO1xfEUu6,[Mandarin] 最HIT华语榜
2023-11-19,42,半熟理想,0:04:05,56,2023-10-27,12,1qE3IWG3xPJZdLkAXB1rAs,理想混蛋,https://open.spotify.com/album/1qE3IWG3xPJZdLkAXB1rAs,[Mandarin] 最HIT华语榜
2023-11-19,43,就让这大雨全都落下,0:04:14,64,2022-07-22,1,3EXDubkvw4VIoIUJIWcO3v,Joey Yung,https://open.spotify.com/album/3EXDubkvw4VIoIUJIWcO3v,[Mandarin] 最HIT华语榜
2023-11-19,44,沒有關係,0:02:40,61,2022-11-28,1,56TgG6JFlQHeQFMbXDg4Wt,Vicky Chen,https://open.spotify.com/album/56TgG6JFlQHeQFMbXDg4Wt,[Mandarin] 最HIT华语榜
2023-11-19,45,安泰,0:03:40,59,2022-03-30,12,3HA5af27JDxCKKncQpdNLY,Gummy B,https://open.spotify.com/album/3HA5af27JDxCKKncQpdNLY,[Mandarin] 最HIT华语榜
2023-11-19,46,就忘了吧,0:03:23,64,2022-03-22,2,1h6Ebo5MuyocGoGALk4Ld1,1K,https://open.spotify.com/album/1h6Ebo5MuyocGoGALk4Ld1,[Mandarin] 最HIT华语榜
2023-11-19,47,Uniconfication,0:02:45,63,2023-03-01,14,7xlWrNZ5NHxhQz9hHFqgbv,Capper,https://open.spotify.com/album/7xlWrNZ5NHxhQz9hHFqgbv,[Mandarin] 最HIT华语榜
2023-11-19,48,听说你,0:03:59,62,2022-07-12,2,4uxaFMLh7LkIAWWAWDwulj,于冬然,https://open.spotify.com/album/4uxaFMLh7LkIAWWAWDwulj,[Mandarin] 最HIT华语榜
2023-11-19,49,TALENT,0:03:19,61,2022-12-12,11,58AtmygL5FdxGhuEUSnWwF,The Crane,https://open.spotify.com/album/58AtmygL5FdxGhuEUSnWwF,[Mandarin] 最HIT华语榜
2023-11-19,50,BITE BACK,0:04:20,57,2023-10-12,10,3X1sMupgW7KQJQsk0QXAdM,Cyndi Wang,https://open.spotify.com/album/3X1sMupgW7KQJQsk0QXAdM,[Mandarin] 最HIT华语榜
